[
	{"imageURL":"images/turmeric.jpg","brandName":"MTR", "prodName":"Turmeric", "packing":"500 gm pouch", "cost":"55"},
	{"imageURL":"images/tamarind.jpg","brandName":"Dakshin's", "prodName":"Tamarind", "packing":"500 gm pouch", "cost":"100"},
	{"imageURL":"images/saffron.jpg","brandName":"Everest", "prodName":"Saffron", "packing":"10 gm pouch", "cost":"150"},
	{"imageURL":"images/garlic.jpg","brandName":"MTR", "prodName":"Garlic Paste", "packing":"250 gm pouch", "cost":"70"},
	{"imageURL":"images/garammasala.jpg","brandName":"Dakshin's", "prodName":"Garam Masala", "packing":"250 gm pouch", "cost":"110"},
	{"imageURL":"images/fennel.jpg","brandName":"Dakshin's", "prodName":"Fennel Seeds", "packing":"250 gm pouch", "cost":"80"}
]